{
  "categories": [
    {
      "id": 0,
      "name": "black cobra"
    },
    {
      "id": 1,
      "name": "black mamba"
    },
    {
      "id": 2,
      "name": "boa constrictor"
    },
    {
      "id": 3,
      "name": "boomslang"
    },
    {
      "id": 4,
      "name": "coastal typhan"
    },
    {
      "id": 5,
      "name": "green mamba"
    },
    {
      "id": 6,
      "name": "king cobra"
    },
    {
      "id": 7,
      "name": "krait"
    },
    {
      "id": 8,
      "name": "python"
    },
    {
      "id": 9,
      "name": "spectacular cobra"
    },
    {
      "id": 10,
      "name": "spitting cobra"
    },
    {
      "id": 11,
      "name": "viper"
    }
  ],
  "info": {
    "year": 2025,
    "version": "1.0",
    "contributor": "Label Studio"
  }
}